<?xml version="1.0" ?>

<container xmlns="http://symfony.com/schema/dic/services"
           xmlns:xsi="http://www.w3.org/2001/XMLSchema-instance"
           xsi:schemaLocation="http://symfony.com/schema/dic/services http://symfony.com/schema/dic/services/services-1.0.xsd">

    <services>

        <service id="Lunar\Payment\Entity\LunarTransaction\LunarTransactionDefinition">
            <tag name="shopware.entity.definition" entity="lunar_transaction"/>
        </service>

        <service id="Lunar\Payment\Service\LunarPaymentHandler">
            <argument type="service" id="Shopware\Core\Checkout\Order\Aggregate\OrderTransaction\OrderTransactionStateHandler"/>
            <argument type="service" id="Shopware\Core\System\SystemConfig\SystemConfigService"/>
            <argument type="service" id="lunar_transaction.repository"/>
            <argument type="service" id="order_transaction.repository" />
            <argument type="service" id="Lunar\Payment\Helpers\LogHelper"/>
            <tag name="shopware.payment.method.sync" />
        </service>

        <service id="Lunar\Payment\Helpers\OrderHelper">
            <argument type="service" id="order.repository" />
            <argument type="service" id="order_transaction.repository" />
        </service>

        <service id="Lunar\Payment\Subscriber\CheckoutConfirmSubscriber">
            <argument type="service" id="Shopware\Core\Checkout\Cart\Order\OrderConverter"/>
            <argument type="service" id="Lunar\Payment\Helpers\OrderHelper"/>
            <argument type="service" id="Shopware\Core\System\SystemConfig\SystemConfigService"/>
            <argument>%kernel.shopware_version%</argument>
            <tag name="kernel.event_subscriber"/>
        </service>

        <service id="Lunar\Payment\Helpers\LogHelper"></service>

        <service id="Lunar\Payment\Subscriber\OrderTransactionStateChangeSubscriber">
            <argument type="service" id="state_machine_history.repository"/>
            <argument type="service" id="Shopware\Core\System\StateMachine\StateMachineRegistry"/>
            <argument type="service" id="lunar_transaction.repository"/>
            <argument type="service" id="Lunar\Payment\Helpers\OrderHelper"/>
            <argument type="service" id="Shopware\Core\System\SystemConfig\SystemConfigService"/>
            <argument type="service" id="Lunar\Payment\Helpers\LogHelper"/>
            <tag name="kernel.event_subscriber"/>
        </service>

        <service id="Lunar\Payment\Controller\SettingsController">
            <argument type="service" id="Shopware\Core\System\SystemConfig\SystemConfigService"/>
            
            <tag name="controller.service_arguments" />
            <call method="setContainer">
                <argument type="service" id="service_container"/>
            </call>
        </service>

        <service id="Lunar\Payment\Controller\OrderTransactionController">
            <argument type="service" id="state_machine_history.repository"/>
            <argument type="service" id="Shopware\Core\System\StateMachine\StateMachineRegistry"/>
            <argument type="service" id="Shopware\Core\Checkout\Order\Aggregate\OrderTransaction\OrderTransactionStateHandler"/>
            <argument type="service" id="lunar_transaction.repository"/>
            <argument type="service" id="Lunar\Payment\Helpers\OrderHelper"/>
            <argument type="service" id="Shopware\Core\System\SystemConfig\SystemConfigService"/>
            <argument type="service" id="Lunar\Payment\Helpers\LogHelper"/>

            <tag name="controller.service_arguments" />
            <call method="setContainer">
                <argument type="service" id="service_container"/>
            </call>
        </service>

    </services>

</container>
